{
  "ApplicationDescription": "Dictionaries extends your Mac, by adding bidirectional dictionaries and spellcheckers.",
  "Connections": [
    {
      "Relevance": "Essential",
      "DenyConsequences": "If you deny this connection, you will not be able to activate the license, trial may not work and app updates won’t be downloaded.",
      "Host": "*.devmate.com",
      "IsIncoming": false,
      "NetworkProtocol": "TCP",
      "Port": "80, 443",
      "Purpose": "Dictionaries uses DevMate for license activation and updates."
    },
    {
      "Relevance": "Essential",
      "DenyConsequences": "If you deny this connection, you will not be able to check for updates.",
      "Host": "dictionaries.io",
      "IsIncoming": false,
      "NetworkProtocol": "TCP",
      "Port": "443",
      "Purpose": "Dictionaries checks for new versions at this server."
    },
    {
      "Relevance": "Essential",
      "DenyConsequences": "If you deny this connection, you will not be able to activate the license and trial may not work.",
      "Host": "download.dictionaries.io",
      "IsIncoming": false,
      "NetworkProtocol": "TCP",
      "Port": "443",
      "Purpose": "Dictionaries downloads dictionaries and updates from this server."
    },
    {
      "DenyConsequences": "If you deny this connection, pronunciation will not work in dictionaries.",
      "Host": "audio.dictionaries.io",
      "IsIncoming": false,
      "NetworkProtocol": "TCP",
      "Port": "443",
      "Purpose": "Pronunciation is played from this server."
    },
    {
      "DenyConsequences": "This connection is safe to deny, but it will complicate debugging if you encounter any crash.",
      "Host": "*.hockeyapp.net",
      "IsIncoming": false,
      "NetworkProtocol": "TCP",
      "Port": "443",
      "Purpose": "Anonymized crash reports and rudimentary metrics are sent to this server."
    }
  ]
}
